<resources>
    <color name="md_theme_primary">#3E5F90</color>
    <color name="md_theme_onPrimary">#FFFFFF</color>
    <color name="md_theme_primaryContainer">#D5E3FF</color>
    <color name="md_theme_onPrimaryContainer">#001B3C</color>
    <color name="md_theme_secondary">#555F71</color>
    <color name="md_theme_onSecondary">#FFFFFF</color>
    <color name="md_theme_secondaryContainer">#D9E3F8</color>
    <color name="md_theme_onSecondaryContainer">#121C2B</color>
    <color name="md_theme_tertiary">#6E5676</color>
    <color name="md_theme_onTertiary">#FFFFFF</color>
    <color name="md_theme_tertiaryContainer">#F8D8FE</color>
    <color name="md_theme_onTertiaryContainer">#28132F</color>
    <color name="md_theme_error">#BA1A1A</color>
    <color name="md_theme_onError">#FFFFFF</color>
    <color name="md_theme_errorContainer">#FFDAD6</color>
    <color name="md_theme_onErrorContainer">#410002</color>
    <color name="md_theme_background">#F9F9FF</color>
    <color name="md_theme_onBackground">#191C20</color>
    <color name="md_theme_surface">#F9F9FF</color>
    <color name="md_theme_onSurface">#191C20</color>
    <color name="md_theme_surfaceVariant">#E0E2EC</color>
    <color name="md_theme_onSurfaceVariant">#43474E</color>
    <color name="md_theme_outline">#74777F</color>
    <color name="md_theme_outlineVariant">#C4C6CF</color>
    <color name="md_theme_scrim">#000000</color>
    <color name="md_theme_inverseSurface">#2E3035</color>
    <color name="md_theme_inverseOnSurface">#F0F0F7</color>
    <color name="md_theme_inversePrimary">#A7C8FF</color>
    <color name="md_theme_primaryFixed">#D5E3FF</color>
    <color name="md_theme_onPrimaryFixed">#001B3C</color>
    <color name="md_theme_primaryFixedDim">#A7C8FF</color>
    <color name="md_theme_onPrimaryFixedVariant">#244777</color>
    <color name="md_theme_secondaryFixed">#D9E3F8</color>
    <color name="md_theme_onSecondaryFixed">#121C2B</color>
    <color name="md_theme_secondaryFixedDim">#BDC7DC</color>
    <color name="md_theme_onSecondaryFixedVariant">#3D4758</color>
    <color name="md_theme_tertiaryFixed">#F8D8FE</color>
    <color name="md_theme_onTertiaryFixed">#28132F</color>
    <color name="md_theme_tertiaryFixedDim">#DBBCE1</color>
    <color name="md_theme_onTertiaryFixedVariant">#563E5D</color>
    <color name="md_theme_surfaceDim">#D9D9E0</color>
    <color name="md_theme_surfaceBright">#F9F9FF</color>
    <color name="md_theme_surfaceContainerLowest">#FFFFFF</color>
    <color name="md_theme_surfaceContainerLow">#F3F3FA</color>
    <color name="md_theme_surfaceContainer">#EDEDF4</color>
    <color name="md_theme_surfaceContainerHigh">#E7E8EE</color>
    <color name="md_theme_surfaceContainerHighest">#E1E2E9</color>
    <color name="md_theme_primary_mediumContrast">#204372</color>
    <color name="md_theme_onPrimary_mediumContrast">#FFFFFF</color>
    <color name="md_theme_primaryContainer_mediumContrast">#5575A8</color>
    <color name="md_theme_onPrimaryContainer_mediumContrast">#FFFFFF</color>
    <color name="md_theme_secondary_mediumContrast">#394354</color>
    <color name="md_theme_onSecondary_mediumContrast">#FFFFFF</color>
    <color name="md_theme_secondaryContainer_mediumContrast">#6B7588</color>
    <color name="md_theme_onSecondaryContainer_mediumContrast">#FFFFFF</color>
    <color name="md_theme_tertiary_mediumContrast">#513B59</color>
    <color name="md_theme_onTertiary_mediumContrast">#FFFFFF</color>
    <color name="md_theme_tertiaryContainer_mediumContrast">#866C8D</color>
    <color name="md_theme_onTertiaryContainer_mediumContrast">#FFFFFF</color>
    <color name="md_theme_error_mediumContrast">#8C0009</color>
    <color name="md_theme_onError_mediumContrast">#FFFFFF</color>
    <color name="md_theme_errorContainer_mediumContrast">#DA342E</color>
    <color name="md_theme_onErrorContainer_mediumContrast">#FFFFFF</color>
    <color name="md_theme_background_mediumContrast">#F9F9FF</color>
    <color name="md_theme_onBackground_mediumContrast">#191C20</color>
    <color name="md_theme_surface_mediumContrast">#F9F9FF</color>
    <color name="md_theme_onSurface_mediumContrast">#191C20</color>
    <color name="md_theme_surfaceVariant_mediumContrast">#E0E2EC</color>
    <color name="md_theme_onSurfaceVariant_mediumContrast">#3F434A</color>
    <color name="md_theme_outline_mediumContrast">#5C5F67</color>
    <color name="md_theme_outlineVariant_mediumContrast">#777B83</color>
    <color name="md_theme_scrim_mediumContrast">#000000</color>
    <color name="md_theme_inverseSurface_mediumContrast">#2E3035</color>
    <color name="md_theme_inverseOnSurface_mediumContrast">#F0F0F7</color>
    <color name="md_theme_inversePrimary_mediumContrast">#A7C8FF</color>
    <color name="md_theme_primaryFixed_mediumContrast">#5575A8</color>
    <color name="md_theme_onPrimaryFixed_mediumContrast">#FFFFFF</color>
    <color name="md_theme_primaryFixedDim_mediumContrast">#3C5D8D</color>
    <color name="md_theme_onPrimaryFixedVariant_mediumContrast">#FFFFFF</color>
    <color name="md_theme_secondaryFixed_mediumContrast">#6B7588</color>
    <color name="md_theme_onSecondaryFixed_mediumContrast">#FFFFFF</color>
    <color name="md_theme_secondaryFixedDim_mediumContrast">#535C6E</color>
    <color name="md_theme_onSecondaryFixedVariant_mediumContrast">#FFFFFF</color>
    <color name="md_theme_tertiaryFixed_mediumContrast">#866C8D</color>
    <color name="md_theme_onTertiaryFixed_mediumContrast">#FFFFFF</color>
    <color name="md_theme_tertiaryFixedDim_mediumContrast">#6C5373</color>
    <color name="md_theme_onTertiaryFixedVariant_mediumContrast">#FFFFFF</color>
    <color name="md_theme_surfaceDim_mediumContrast">#D9D9E0</color>
    <color name="md_theme_surfaceBright_mediumContrast">#F9F9FF</color>
    <color name="md_theme_surfaceContainerLowest_mediumContrast">#FFFFFF</color>
    <color name="md_theme_surfaceContainerLow_mediumContrast">#F3F3FA</color>
    <color name="md_theme_surfaceContainer_mediumContrast">#EDEDF4</color>
    <color name="md_theme_surfaceContainerHigh_mediumContrast">#E7E8EE</color>
    <color name="md_theme_surfaceContainerHighest_mediumContrast">#E1E2E9</color>
    <color name="md_theme_primary_highContrast">#002248</color>
    <color name="md_theme_onPrimary_highContrast">#FFFFFF</color>
    <color name="md_theme_primaryContainer_highContrast">#204372</color>
    <color name="md_theme_onPrimaryContainer_highContrast">#FFFFFF</color>
    <color name="md_theme_secondary_highContrast">#192332</color>
    <color name="md_theme_onSecondary_highContrast">#FFFFFF</color>
    <color name="md_theme_secondaryContainer_highContrast">#394354</color>
    <color name="md_theme_onSecondaryContainer_highContrast">#FFFFFF</color>
    <color name="md_theme_tertiary_highContrast">#2F1A36</color>
    <color name="md_theme_onTertiary_highContrast">#FFFFFF</color>
    <color name="md_theme_tertiaryContainer_highContrast">#513B59</color>
    <color name="md_theme_onTertiaryContainer_highContrast">#FFFFFF</color>
    <color name="md_theme_error_highContrast">#4E0002</color>
    <color name="md_theme_onError_highContrast">#FFFFFF</color>
    <color name="md_theme_errorContainer_highContrast">#8C0009</color>
    <color name="md_theme_onErrorContainer_highContrast">#FFFFFF</color>
    <color name="md_theme_background_highContrast">#F9F9FF</color>
    <color name="md_theme_onBackground_highContrast">#191C20</color>
    <color name="md_theme_surface_highContrast">#F9F9FF</color>
    <color name="md_theme_onSurface_highContrast">#000000</color>
    <color name="md_theme_surfaceVariant_highContrast">#E0E2EC</color>
    <color name="md_theme_onSurfaceVariant_highContrast">#20242B</color>
    <color name="md_theme_outline_highContrast">#3F434A</color>
    <color name="md_theme_outlineVariant_highContrast">#3F434A</color>
    <color name="md_theme_scrim_highContrast">#000000</color>
    <color name="md_theme_inverseSurface_highContrast">#2E3035</color>
    <color name="md_theme_inverseOnSurface_highContrast">#FFFFFF</color>
    <color name="md_theme_inversePrimary_highContrast">#E4ECFF</color>
    <color name="md_theme_primaryFixed_highContrast">#204372</color>
    <color name="md_theme_onPrimaryFixed_highContrast">#FFFFFF</color>
    <color name="md_theme_primaryFixedDim_highContrast">#002C5A</color>
    <color name="md_theme_onPrimaryFixedVariant_highContrast">#FFFFFF</color>
    <color name="md_theme_secondaryFixed_highContrast">#394354</color>
    <color name="md_theme_onSecondaryFixed_highContrast">#FFFFFF</color>
    <color name="md_theme_secondaryFixedDim_highContrast">#232D3D</color>
    <color name="md_theme_onSecondaryFixedVariant_highContrast">#FFFFFF</color>
    <color name="md_theme_tertiaryFixed_highContrast">#513B59</color>
    <color name="md_theme_onTertiaryFixed_highContrast">#FFFFFF</color>
    <color name="md_theme_tertiaryFixedDim_highContrast">#3A2541</color>
    <color name="md_theme_onTertiaryFixedVariant_highContrast">#FFFFFF</color>
    <color name="md_theme_surfaceDim_highContrast">#D9D9E0</color>
    <color name="md_theme_surfaceBright_highContrast">#F9F9FF</color>
    <color name="md_theme_surfaceContainerLowest_highContrast">#FFFFFF</color>
    <color name="md_theme_surfaceContainerLow_highContrast">#F3F3FA</color>
    <color name="md_theme_surfaceContainer_highContrast">#EDEDF4</color>
    <color name="md_theme_surfaceContainerHigh_highContrast">#E7E8EE</color>
    <color name="md_theme_surfaceContainerHighest_highContrast">#E1E2E9</color>
</resources>
